name;status;county;pop_2001;pop_2011;pop_2021;pop_2024
Aberford;Built-up Area;West Yorkshire;1376;1503;1551;1507
Ackworth Moor Top;Built-up Area;West Yorkshire;4784;5281;6286;6518
Addingham;Built-up Area;West Yorkshire;3215;3172;3249;3205
Adwick le Street;Built-up Area;South Yorkshire;18300;18830;18331;19200
Airmyn;Built-up Area;East Riding of Yorkshire;795;768;729;718
Aiskew;Built-up Area;North Yorkshire;1318;1445;1757;2002
Aldbrough;Built-up Area;East Riding of Yorkshire;1336;1269;1279;1276
Allerton Bywater;Built-up Area;West Yorkshire;5001;5761;6959;7101
Alne;Built-up Area;North Yorkshire;528;569;594;588
Ampleforth;Built-up Area;North Yorkshire;1314;1345;1239;1231
Appleton Roebuck;Built-up Area;North Yorkshire;748;792;871;929
Arksey;Built-up Area;South Yorkshire;1616;1673;1579;1564
Armthorpe;Built-up Area;South Yorkshire;12628;14457;14163;14496
Askern;Built-up Area;South Yorkshire;5035;5159;5431;5807
Auckley;Built-up Area;South Yorkshire;1570;1434;1336;1337
Austerfield;Built-up Area;South Yorkshire;571;536;551;513
Austwick;Built-up Area;North Yorkshire;476;463;519;525
Badsworth;Built-up Area;West Yorkshire;583;682;697;722
Bagby;Built-up Area;North Yorkshire;522;593;565;580
Baildon;Built-up Area;West Yorkshire;16363;16726;17041;17108
Bardsey;Built-up Area;West Yorkshire;1806;1730;1819;1820
Barkisland;Built-up Area;West Yorkshire;981;1004;989;981
Barlby;Built-up Area;North Yorkshire;2702;2884;3496;3603
Barlow;Built-up Area;North Yorkshire;280;439;455;511
Barmby Moor;Built-up Area;East Riding of Yorkshire;868;903;930;939
Barnburgh (/ Harlington);Built-up Area;South Yorkshire;1979;1924;1850;1877
Barnetby le Wold;Built-up Area;North Lincolnshire;1593;1741;1842;1835
Barnsley;Built-up Area;South Yorkshire;63430;66945;71422;73872
Barrow upon Humber;Built-up Area;North Lincolnshire;2554;2820;2845;2836
Barton;Built-up Area;North Yorkshire;884;837;775;752
Barton-upon-Humber;Built-up Area;North Lincolnshire;9486;11066;11919;12052
Barugh Green (/ Redbrook);Built-up Area;South Yorkshire;6669;7014;7545;7777
Barwick-in-Elmet;Built-up Area;West Yorkshire;2280;2229;2178;2256
Batley;Built-up Area;West Yorkshire;41880;43460;44505;45814
Bawtry;Built-up Area;South Yorkshire;3204;3573;3410;3393
Bedale;Built-up Area;North Yorkshire;3120;3156;3285;3391
Beeford;Built-up Area;East Riding of Yorkshire;955;1078;1092;1148
Belton;Built-up Area;North Lincolnshire;2115;2167;2303;2391
Bempton;Built-up Area;East Riding of Yorkshire;1050;1040;1026;1004
Bentley;Built-up Area;South Yorkshire;11535;11875;12048;12556
Beverley;Built-up Area;East Riding of Yorkshire;29211;30835;30927;32955
Bilton;Built-up Area;East Riding of Yorkshire;4187;3841;3659;3783
Bingley;Built-up Area;West Yorkshire;18774;21149;21325;21676
Birdwell;Built-up Area;South Yorkshire;2989;3423;3360;3405
Bishop Burton (/ Cherry Burton);Built-up Area;East Riding of Yorkshire;2101;2088;2012;1842
Bishop Monkton;Built-up Area;North Yorkshire;525;531;605;604
Bishopthorpe;Built-up Area;York;3224;3237;3337;3260
Bishop Wilton;Built-up Area;East Riding of Yorkshire;500;554;554;553
Blaxton;Built-up Area;South Yorkshire;842;841;852;844
Bolton Upon Dearne;Built-up Area;South Yorkshire;6683;7136;7444;7482
Bonby;Built-up Area;North Lincolnshire;481;532;541;531
Boroughbridge;Built-up Area;North Yorkshire;2549;2776;3067;3594
Boston Spa;Built-up Area;West Yorkshire;5647;5741;6363;6287
Bottom Boat;Built-up Area;West Yorkshire;1124;1169;1192;1183
Bradford;Built-up Area;West Yorkshire;275856;314584;333931;347767
Braithwell;Built-up Area;South Yorkshire;804;804;846;884
Bramham;Built-up Area;West Yorkshire;1755;1650;1762;1672
Bramhope;Built-up Area;West Yorkshire;3288;3382;3592;4183
Brampton;Built-up Area;South Yorkshire;3190;4314;4617;4738
Brandesburton;Built-up Area;East Riding of Yorkshire;1103;1291;1335;1297
Branton;Built-up Area;South Yorkshire;1758;1683;1822;1784
Brayton;Built-up Area;North Yorkshire;3172;3653;4096;4127
Bridlington;Built-up Area;East Riding of Yorkshire;33590;35154;34858;35439
Brierley;Built-up Area;South Yorkshire;2233;2595;2713;2816
Brigg;Built-up Area;North Lincolnshire;5076;5626;5635;5564
Brighouse;Built-up Area;West Yorkshire;31869;33286;33160;33702
Brinsworth;Built-up Area;South Yorkshire;8950;8789;8761;8932
Brompton;Built-up Area;North Yorkshire;1690;1848;2033;2076
Brompton-on-Swale;Built-up Area;North Yorkshire;1719;1879;1900;1905
Brotherton;Built-up Area;North Yorkshire;672;728;742;731
Brough;Built-up Area;East Riding of Yorkshire;8943;12251;13331;14025
Broughton;Built-up Area;North Lincolnshire;4677;4677;4495;4436
Bubwith;Built-up Area;East Riding of Yorkshire;579;659;681;673
Burley in Wharfedale;Built-up Area;West Yorkshire;6139;6772;6815;6702
Burniston;Built-up Area;North Yorkshire;1389;1523;1464;1479
Burringham;Built-up Area;North Lincolnshire;739;737;710;692
Burstwick;Built-up Area;East Riding of Yorkshire;1813;1924;1859;1862
Burton in Lonsdale;Built-up Area;North Yorkshire;579;579;577;591
Burton Leonard;Built-up Area;North Yorkshire;654;690;695;830
Burton Pidsea;Built-up Area;East Riding of Yorkshire;888;944;979;921
Burton upon Stather;Built-up Area;North Lincolnshire;2435;2410;2370;2335
Byram;Built-up Area;North Yorkshire;1406;1434;1437;1452
Calverley;Built-up Area;West Yorkshire;3622;3806;3987;4066
Camblesforth;Built-up Area;North Yorkshire;1526;1568;1560;1592
Campsall;Built-up Area;South Yorkshire;1997;1940;1878;1857
Carleton-in-Craven;Built-up Area;North Yorkshire;973;1118;1061;1091
Carlton;Built-up Area;West Yorkshire;442;510;751;819
Carlton;Built-up Area;North Yorkshire;1829;1934;2041;2324
Carlton;Built-up Area;South Yorkshire;2113;2088;2126;2181
Carlton Miniott;Built-up Area;North Yorkshire;701;706;795;750
Castleford;Built-up Area;West Yorkshire;36909;39712;45351;47678
Castleton;Built-up Area;North Yorkshire;570;552;544;534
Catterick;Built-up Area;North Yorkshire;2743;3155;2720;2840
Catterick Garrison;Built-up Area;North Yorkshire;11978;15384;14209;14639
Cawood;Built-up Area;North Yorkshire;1326;1409;1502;1499
Cawthorne;Built-up Area;South Yorkshire;852;893;900;882
Chapeltown (/ High Green);Built-up Area;South Yorkshire;22699;22672;22185;22339
Church Fenton;Built-up Area;North Yorkshire;897;1413;1643;1851
Clayton West (/ Scissett);Built-up Area;West Yorkshire;3791;4031;4386;4519
Cleckheaton;Built-up Area;West Yorkshire;10071;11212;11613;12141
Cleethorpes;Built-up Area;North East Lincolnshire;31853;31365;29678;29346
Cliffe;Built-up Area;North Yorkshire;490;583;662;636
Cloughton;Built-up Area;North Yorkshire;711;687;714;665
Collingham;Built-up Area;West Yorkshire;2284;2330;2363;2356
Conisbrough;Built-up Area;South Yorkshire;11370;11731;11464;11295
Cononley;Built-up Area;North Yorkshire;670;681;809;876
Copmanthorpe;Built-up Area;York;3787;3674;3667;3659
Cottingham;Built-up Area;East Riding of Yorkshire;14940;14838;14423;15486
Cowling;Built-up Area;North Yorkshire;1139;1350;1440;1460
Coxley;Built-up Area;West Yorkshire;572;547;542;512
Crigglestone (/ Durkar);Built-up Area;West Yorkshire;5977;6069;6675;6885
Crofton;Built-up Area;West Yorkshire;5734;5557;6128;6233
Cross Hills;Built-up Area;North Yorkshire;4498;4628;4808;4946
Crowle;Built-up Area;North Lincolnshire;3268;3928;3972;4006
Cudworth (/ Shafton);Built-up Area;South Yorkshire;11267;12289;12470;12673
Cullingworth;Built-up Area;West Yorkshire;2437;2596;3100;3164
Dalton;Built-up Area;North Yorkshire;498;518;825;803
Darfield;Built-up Area;South Yorkshire;7142;6904;7215;7234
Darley;Built-up Area;North Yorkshire;753;783;841;846
Darrington;Built-up Area;West Yorkshire;1104;1182;1198;1158
Darton;Built-up Area;South Yorkshire;14592;14524;15017;15418
Deepcar;Built-up Area;South Yorkshire;5840;5773;5648;5598
Denaby Main;Built-up Area;South Yorkshire;3991;4203;4309;4461
Denby Dale;Built-up Area;West Yorkshire;2396;2736;2737;2794
Denholme;Built-up Area;West Yorkshire;2415;2715;2960;3071
Dewsbury;Built-up Area;West Yorkshire;55089;60122;63722;65783
Dinnington;Built-up Area;South Yorkshire;9374;10482;10961;11500
Dishforth;Built-up Area;North Yorkshire;1176;1402;1266;1608
Dodworth;Built-up Area;South Yorkshire;5742;5900;5977;5986
Doncaster;Built-up Area;South Yorkshire;76068;84103;87457;92949
Drax;Built-up Area;North Yorkshire;382;488;515;502
Driffield;Built-up Area;East Riding of Yorkshire;11244;12808;13218;14118
Drighlington;Built-up Area;West Yorkshire;4843;5175;5278;5674
Dunnington;Built-up Area;York;3194;3230;3257;3249
Dunscroft (/ Hatfield);Built-up Area;South Yorkshire;13890;14326;13993;14447
Dunswell;Built-up Area;East Riding of Yorkshire;505;485;566;741
Ealand;Built-up Area;North Lincolnshire;822;900;894;952
Earswick;Built-up Area;York;819;876;890;885
Easington;Built-up Area;East Riding of Yorkshire;698;691;675;672
Easingwold;Built-up Area;North Yorkshire;3918;4350;5036;5622
East Ardsley;Built-up Area;West Yorkshire;15163;15023;15243;15201
East Ayton (/ West Ayton);Built-up Area;North Yorkshire;2518;2559;2810;2988
East Halton;Built-up Area;North Lincolnshire;604;626;608;628
East Keswick;Built-up Area;West Yorkshire;1224;1146;1147;1100
East Morton;Built-up Area;West Yorkshire;1047;1309;1227;1172
Eastrington;Built-up Area;East Riding of Yorkshire;880;1147;1150;1211
Ecclesfield (/ Grenoside);Built-up Area;South Yorkshire;8124;8584;8190;8185
Eggborough;Built-up Area;North Yorkshire;1578;1952;2440;2471
Elland;Built-up Area;West Yorkshire;14555;15625;15778;15910
Elvington;Built-up Area;York;1212;1239;1271;1239
Embsay;Built-up Area;North Yorkshire;1548;1679;1721;1840
Emley;Built-up Area;West Yorkshire;1449;1497;1434;1444
Epworth;Built-up Area;North Lincolnshire;3734;4279;4363;4362
Escrick;Built-up Area;North Yorkshire;1104;944;926;773
Fairburn;Built-up Area;North Yorkshire;808;819;806;857
Featherstone;Built-up Area;West Yorkshire;10988;10349;11651;12254
Filey;Built-up Area;North Yorkshire;6468;6530;6665;6773
Finningley;Built-up Area;South Yorkshire;3475;4129;5921;6416
Fitzwilliam (/ Kinsley);Built-up Area;West Yorkshire;4166;4287;4992;5270
Flamborough;Built-up Area;East Riding of Yorkshire;1825;1914;1866;1882
Flockton;Built-up Area;West Yorkshire;1168;1368;1732;1825
Follifoot;Built-up Area;North Yorkshire;576;578;645;661
Full Sutton;Built-up Area;East Riding of Yorkshire;976;1072;997;1022
Garforth;Built-up Area;West Yorkshire;15394;14838;15152;15677
Gargrave;Built-up Area;North Yorkshire;1480;1455;1505;1459
Giggleswick;Built-up Area;North Yorkshire;1200;1095;1073;1137
Gilberdyke;Built-up Area;East Riding of Yorkshire;2727;3029;3027;2959
Gildersome;Built-up Area;West Yorkshire;6012;6157;6272;6260
Goldsborough;Built-up Area;North Yorkshire;493;469;475;504
Goldthorpe;Built-up Area;South Yorkshire;6264;6564;7491;7993
Gomersal (/ Birkenshaw);Built-up Area;West Yorkshire;12122;13727;13961;14196
Goole;Built-up Area;East Riding of Yorkshire;17309;19243;20173;20937
Goxhill;Built-up Area;North Lincolnshire;1994;2290;2322;2313
Grange Moor;Built-up Area;West Yorkshire;899;1126;1118;1138
Grassington;Built-up Area;North Yorkshire;1155;1126;1107;1127
Greasbrough;Built-up Area;South Yorkshire;4030;3974;3856;3931
Great Ayton;Built-up Area;North Yorkshire;4451;4518;4346;4318
Great Broughton;Built-up Area;North Yorkshire;821;841;859;828
Great Houghton;Built-up Area;South Yorkshire;2261;2475;2487;2514
Great Ouseburn;Built-up Area;North Yorkshire;553;598;623;696
Green Hammerton;Built-up Area;North Yorkshire;658;675;994;1183
Grimethorpe;Built-up Area;South Yorkshire;3739;4672;5068;5277
Grimsby;Built-up Area;North East Lincolnshire;87311;87994;85911;87485
Gristhorpe;Built-up Area;North Yorkshire;386;397;418;504
Guiseley;Built-up Area;West Yorkshire;10830;11676;12450;12628
Gunness;Built-up Area;North Lincolnshire;816;750;760;745
Habrough;Built-up Area;North East Lincolnshire;648;631;591;604
Hade Edge;Built-up Area;West Yorkshire;406;421;530;544
Halifax;Built-up Area;West Yorkshire;81477;85963;88109;91710
Hall Green;Built-up Area;West Yorkshire;2315;2284;2305;2344
Hambleton;Built-up Area;North Yorkshire;1339;1508;1726;2063
Hampsthwaite;Built-up Area;North Yorkshire;822;923;1169;1218
Harden;Built-up Area;West Yorkshire;1615;1600;1602;1605
Harrogate;Built-up Area;North Yorkshire;71886;74029;75507;77313
Harthill;Built-up Area;South Yorkshire;1728;1684;1728;1831
Hatfield Woodhouse;Built-up Area;South Yorkshire;1482;2131;2206;2203
Havercroft (/ Ryhill);Built-up Area;West Yorkshire;4731;5150;5205;5367
Hawes (/ Gayle);Built-up Area;North Yorkshire;831;887;803;726
Haworth;Built-up Area;West Yorkshire;5748;5954;5681;5661
Haxby;Built-up Area;York;10745;10386;10186;10175
Haxey;Built-up Area;North Lincolnshire;2096;2153;2044;2076
Healing;Built-up Area;North East Lincolnshire;2606;2940;3197;3294
Hebden Bridge;Built-up Area;West Yorkshire;5279;5446;5223;5039
Heckmondwike;Built-up Area;West Yorkshire;11506;12882;13364;13617
Hedon;Built-up Area;East Riding of Yorkshire;7215;8194;8121;8054
Hellaby;Built-up Area;South Yorkshire;886;825;780;818
Hellifield;Built-up Area;North Yorkshire;1102;1426;1478;1429
Helmsley;Built-up Area;North Yorkshire;1408;1385;1348;1443
Helperby (/ Brafferton);Built-up Area;North Yorkshire;780;831;799;833
Hemingbrough;Built-up Area;North Yorkshire;1631;1900;1873;1848
Hemingfield;Built-up Area;South Yorkshire;1554;1781;1817;1838
Hemsworth;Built-up Area;West Yorkshire;9145;9246;9183;9483
Heptonstall;Built-up Area;West Yorkshire;838;820;714;756
Heslington;Built-up Area;York;2426;1566;1782;1327
Hessle;Built-up Area;East Riding of Yorkshire;14767;15000;15485;16650
Hibaldstow;Built-up Area;North Lincolnshire;1770;1974;2021;2061
High Ackworth;Built-up Area;West Yorkshire;614;667;743;740
High Bentham;Built-up Area;North Yorkshire;1679;1725;1704;1826
Highlane;Built-up Area;South Yorkshire;639;695;650;723
Hinderwell;Built-up Area;North Yorkshire;649;618;620;613
Holmbridge;Built-up Area;West Yorkshire;1136;1280;1216;1224
Holme-on-Spalding-Moor;Built-up Area;East Riding of Yorkshire;2374;2521;2541;2741
Holmfield;Built-up Area;West Yorkshire;3766;4040;4147;4363
Holmfirth;Built-up Area;West Yorkshire;4243;4995;4978;5003
Holywell Green (/ Stainland);Built-up Area;West Yorkshire;2574;2870;2798;2781
Honley;Built-up Area;West Yorkshire;13395;14219;14393;14756
Hook;Built-up Area;East Riding of Yorkshire;1141;1292;1477;1481
Horbury;Built-up Area;West Yorkshire;9695;9917;9863;9905
Hornsea;Built-up Area;East Riding of Yorkshire;8244;8432;8787;8832
Howden;Built-up Area;East Riding of Yorkshire;3810;4142;4571;5408
Hoyland;Built-up Area;South Yorkshire;14753;15467;15539;15529
Hoylandswaine;Built-up Area;South Yorkshire;776;814;1038;1018
Huby [in: Hambleton District];Built-up Area;North Yorkshire;1007;1015;1059;1121
Huby [in: Harrogate District];Built-up Area;North Yorkshire;777;756;800;830
Huddersfield;Built-up Area;West Yorkshire;123797;137461;141692;149473
Humberston (/ New Waltham);Built-up Area;North East Lincolnshire;12996;14044;14863;16054
Hunmanby;Built-up Area;North Yorkshire;3011;2838;2895;2823
Huntington;Built-up Area;York;12089;12108;12421;12384
Hutton Cranswick;Built-up Area;East Riding of Yorkshire;1742;1781;1960;2027
Hutton Rudby;Built-up Area;North Yorkshire;1992;1968;1956;2014
Ilkley;Built-up Area;West Yorkshire;13637;14624;14854;14651
Immingham;Built-up Area;North East Lincolnshire;9961;9642;9765;9963
Ingbirchworth;Built-up Area;South Yorkshire;400;460;730;768
Ingleton;Built-up Area;North Yorkshire;1641;1772;1755;1806
Jump;Built-up Area;South Yorkshire;1070;1312;1423;1545
Keadby;Built-up Area;North Lincolnshire;1388;1488;1442;1443
Keighley;Built-up Area;West Yorkshire;43662;47682;48758;50302
Kelleythorpe;Built-up Area;East Riding of Yorkshire;320;713;768;749
Kellington;Built-up Area;North Yorkshire;991;991;893;873
Keyingham;Built-up Area;East Riding of Yorkshire;1947;1963;2028;2149
Kilham;Built-up Area;East Riding of Yorkshire;892;960;943;1006
Killinghall;Built-up Area;North Yorkshire;961;1057;1477;2272
Kingston upon Hull;Built-up Area;Kingston upon Hull;247212;260291;270806;279237
Kippax;Built-up Area;West Yorkshire;10422;10083;10302;10404
Kirby Hill;Built-up Area;North Yorkshire;529;553;625;652
Kirkburton;Built-up Area;West Yorkshire;3399;3985;4033;4025
Kirkby Malzeard;Built-up Area;North Yorkshire;782;887;906;899
Kirkbymoorside;Built-up Area;North Yorkshire;2595;2751;2765;2909
Kirkhamgate;Built-up Area;West Yorkshire;1002;992;952;971
Kirkheaton;Built-up Area;West Yorkshire;3808;3647;3496;3607
Kirk Sandall (/ Edenthorpe);Built-up Area;South Yorkshire;12933;13016;13083;13280
Kirk Smeaton (/ Little Smeaton);Built-up Area;North Yorkshire;612;688;691;712
Kirton in Lindsey;Built-up Area;North Lincolnshire;2467;2873;3063;3147
Kiveton Park;Built-up Area;South Yorkshire;6111;6702;7103;7231
Knaresborough;Built-up Area;North Yorkshire;14780;15484;15788;16655
Knottingley;Built-up Area;West Yorkshire;9151;9028;9512;10036
Laceby;Built-up Area;North East Lincolnshire;2888;3259;3286;3378
Langthorpe;Built-up Area;North Yorkshire;873;945;1294;1869
Langtoft;Built-up Area;East Riding of Yorkshire;457;492;513;531
Laughton en le Morthen;Built-up Area;South Yorkshire;941;971;974;1060
Leconfield;Built-up Area;East Riding of Yorkshire;1812;1886;2210;2212
Leeds;Built-up Area;West Yorkshire;463006;492554;536321;564705
Leeming;Built-up Area;North Yorkshire;1946;2445;1710;1225
Leeming Bar;Built-up Area;North Yorkshire;845;982;1063;1092
Lepton;Built-up Area;West Yorkshire;4266;5118;4947;4950
Leven;Built-up Area;East Riding of Yorkshire;2240;2433;2346;2478
Leyburn;Built-up Area;North Yorkshire;1844;2183;2406;2349
Linthwaite (/ Slaithwaite);Built-up Area;West Yorkshire;8164;8713;9244;9498
Linton-on-Ouse;Built-up Area;North Yorkshire;1025;1008;585;644
Little Weighton;Built-up Area;East Riding of Yorkshire;1030;1015;952;913
Liversedge;Built-up Area;West Yorkshire;16691;17425;17526;17649
Lofthouse (/ Robin Hood);Built-up Area;West Yorkshire;3540;4003;4181;4139
Long Preston;Built-up Area;North Yorkshire;679;742;774;825
Long Riston;Built-up Area;East Riding of Yorkshire;630;979;997;1005
Low Ackworth;Built-up Area;West Yorkshire;966;954;918;977
Low Bentham;Built-up Area;North Yorkshire;689;688;696;720
Low Bradley;Built-up Area;North Yorkshire;1160;1244;1205;1158
Luddenden Foot;Built-up Area;West Yorkshire;1913;2190;2145;2147
Maltby;Built-up Area;South Yorkshire;17094;16688;16316;16667
Malton;Built-up Area;North Yorkshire;5023;4888;6326;6739
Market Weighton;Built-up Area;East Riding of Yorkshire;5212;6429;7459;8113
Marsden;Built-up Area;West Yorkshire;3499;3889;3692;3725
Masham;Built-up Area;North Yorkshire;1235;1205;1112;1163
Melbourne;Built-up Area;East Riding of Yorkshire;404;434;517;532
Melsonby;Built-up Area;North Yorkshire;701;735;705;703
Meltham;Built-up Area;West Yorkshire;7382;7836;8330;8696
Menston;Built-up Area;West Yorkshire;4697;5059;5897;6122
Messingham;Built-up Area;North Lincolnshire;3487;3496;3379;3258
Methley;Built-up Area;West Yorkshire;1176;1184;1195;1149
Mexborough;Built-up Area;South Yorkshire;14620;15113;15554;16207
Micklefield;Built-up Area;West Yorkshire;1852;1893;2062;2851
Mickletown;Built-up Area;West Yorkshire;2609;2962;3358;3576
Middleham;Built-up Area;North Yorkshire;843;825;778;816
Middlestown (/ Overton);Built-up Area;West Yorkshire;2350;2366;2410;2217
Middleton-on-the-Wolds;Built-up Area;East Riding of Yorkshire;774;825;846;819
Millhouse Green;Built-up Area;South Yorkshire;841;1139;1250;1216
Mirfield;Built-up Area;West Yorkshire;18390;19330;19612;20015
Monk Fryston (/ Hillam);Built-up Area;North Yorkshire;1548;1728;1715;1737
Moorends;Built-up Area;South Yorkshire;4807;5023;5195;5189
Morley;Built-up Area;West Yorkshire;27736;29949;32545;33620
Morton-on-Swale;Built-up Area;North Yorkshire;529;536;691;669
Mytholmroyd;Built-up Area;West Yorkshire;3730;3949;3859;3841
Nafferton;Built-up Area;East Riding of Yorkshire;2184;2433;2536;2623
Nawton (/ Beadlam);Built-up Area;North Yorkshire;774;798;947;914
Nether Poppleton;Built-up Area;York;610;687;726;755
Netherton;Built-up Area;West Yorkshire;2531;2479;2333;2337
Netherton;Built-up Area;West Yorkshire;3234;3330;3150;3210
New Holland;Built-up Area;North Lincolnshire;955;970;991;963
Newport;Built-up Area;East Riding of Yorkshire;874;866;875;790
New Rossington (/ Rossington);Built-up Area;South Yorkshire;13256;13537;13920;14651
Newton-on-Ouse;Built-up Area;North Yorkshire;529;599;599;605
Normanton;Built-up Area;West Yorkshire;19913;21000;21978;22665
Northallerton;Built-up Area;North Yorkshire;12048;12963;13308;14176
North Anston;Built-up Area;South Yorkshire;6863;6604;6610;6525
North Cave;Built-up Area;East Riding of Yorkshire;1258;1348;1359;1289
North Duffield;Built-up Area;North Yorkshire;1205;1317;1307;1377
North Ferriby;Built-up Area;East Riding of Yorkshire;3819;3893;3964;4099
North Frodingham;Built-up Area;East Riding of Yorkshire;712;830;802;802
North Newbald;Built-up Area;East Riding of Yorkshire;989;1115;1138;1121
Norton;Built-up Area;South Yorkshire;2111;2384;2306;2247
Norton-on-Derwent;Built-up Area;North Yorkshire;6652;7099;7907;8159
Norwood Green;Built-up Area;West Yorkshire;522;493;481;515
Oakenshaw;Built-up Area;West Yorkshire;1441;1566;1569;1648
Oakworth;Built-up Area;West Yorkshire;3544;3804;3683;3650
Osbaldwick;Built-up Area;York;1921;2337;2312;2283
Osgodby;Built-up Area;North Yorkshire;681;811;826;871
Osmotherley;Built-up Area;North Yorkshire;689;668;659;661
Ossett;Built-up Area;West Yorkshire;21076;21231;21861;21804
Otley;Built-up Area;West Yorkshire;14348;13926;14541;14477
Ottringham;Built-up Area;East Riding of Yorkshire;637;597;630;605
Oughtibridge;Built-up Area;South Yorkshire;2997;3082;3128;3186
Outlane;Built-up Area;West Yorkshire;1078;1216;1172;1220
Owston Ferry;Built-up Area;North Lincolnshire;985;1172;1156;1135
Oxenhope;Built-up Area;West Yorkshire;1818;1872;1897;1895
Oxspring;Built-up Area;South Yorkshire;1048;1225;1196;1190
Pannal;Built-up Area;North Yorkshire;2251;2219;2530;2645
Pateley Bridge;Built-up Area;North Yorkshire;1447;1432;1341;1345
Patrington;Built-up Area;East Riding of Yorkshire;1451;1501;1463;1412
Paull;Built-up Area;East Riding of Yorkshire;765;723;742;719
Penistone;Built-up Area;South Yorkshire;6865;7584;8530;8774
Pickering;Built-up Area;North Yorkshire;6846;6830;7257;7722
Pocklington;Built-up Area;East Riding of Yorkshire;7632;8337;10123;11560
Pontefract;Built-up Area;West Yorkshire;28250;29305;32978;34171
Pool-in-Wharfedale;Built-up Area;West Yorkshire;1446;1935;1992;1951
Preston;Built-up Area;East Riding of Yorkshire;2207;2164;2124;2199
Pudsey;Built-up Area;West Yorkshire;31444;31745;34863;35071
Queensbury;Built-up Area;West Yorkshire;8468;8842;9706;9686
Raskelf;Built-up Area;North Yorkshire;523;519;568;602
Rawcliffe;Built-up Area;East Riding of Yorkshire;1251;1542;1576;1653
Rawcliffe Bridge;Built-up Area;East Riding of Yorkshire;836;837;802;868
Rawdon;Built-up Area;West Yorkshire;5861;5672;6744;6905
Rawmarsh;Built-up Area;South Yorkshire;18210;18498;18908;19445
Riccall;Built-up Area;North Yorkshire;2192;2216;2385;2417
Richmond;Built-up Area;North Yorkshire;8178;8413;8076;7966
Rillington;Built-up Area;North Yorkshire;1074;1114;1205;1259
Ripon;Built-up Area;North Yorkshire;15922;16702;16589;17248
Ripponden;Built-up Area;West Yorkshire;3783;4665;4783;4778
Romanby;Built-up Area;North Yorkshire;3800;3946;3824;3898
Roos;Built-up Area;East Riding of Yorkshire;785;846;819;821
Rotherham;Built-up Area;South Yorkshire;69255;71213;71542;75115
Rothwell;Built-up Area;West Yorkshire;20727;20972;20968;20861
Royston;Built-up Area;South Yorkshire;9375;10069;10757;11040
Rufforth;Built-up Area;York;644;633;652;711
Saxton;Built-up Area;North Yorkshire;495;592;566;611
Scalby;Built-up Area;North Yorkshire;1708;1716;1788;1711
Scapegoat Hill;Built-up Area;West Yorkshire;721;819;739;698
Scarborough;Built-up Area;North Yorkshire;56632;59759;59497;60892
Scarcroft;Built-up Area;West Yorkshire;1466;1533;1633;1657
Scawby;Built-up Area;North Lincolnshire;1662;1631;1607;1658
Scawby Brook;Built-up Area;North Lincolnshire;673;948;916;970
Scawthorpe (/ Cusworth);Built-up Area;South Yorkshire;13169;13269;13019;12888
Scholes;Built-up Area;West Yorkshire;2403;2266;2269;2278
Scholes (near Cleckheaton);Built-up Area;West Yorkshire;2583;2661;2900;2961
Scholes (near Hade Edge);Built-up Area;West Yorkshire;1843;1952;1892;1862
Scorton;Built-up Area;North Yorkshire;959;1012;1012;1016
Scotton;Built-up Area;North Yorkshire;574;624;696;724
Scunthorpe;Built-up Area;North Lincolnshire;72370;79681;81286;82551
Seamer;Built-up Area;North Yorkshire;2048;2006;2122;2338
Seaton Ross;Built-up Area;East Riding of Yorkshire;545;565;550;598
Selby;Built-up Area;North Yorkshire;15535;17229;19480;20033
Settle;Built-up Area;North Yorkshire;2421;2564;2714;2745
Shadwell;Built-up Area;West Yorkshire;1338;1352;1459;1438
Sharlston;Built-up Area;West Yorkshire;2221;2144;2166;2166
Sharow;Built-up Area;North Yorkshire;546;556;575;588
Sheffield;Built-up Area;South Yorkshire;457336;495453;500552;526005
Shelf (/ Northowram);Built-up Area;West Yorkshire;8696;9330;9191;9237
Shelley;Built-up Area;West Yorkshire;2782;2877;2696;2601
Shepley;Built-up Area;West Yorkshire;2460;2567;2516;2549
Sherburn;Built-up Area;North Yorkshire;786;830;869;839
Sherburn in Elmet;Built-up Area;North Yorkshire;6221;6657;8568;9248
Sheriff Hutton;Built-up Area;North Yorkshire;849;823;849;829
Shipley;Built-up Area;West Yorkshire;25956;28607;29222;29781
Silkstone;Built-up Area;South Yorkshire;1783;1764;1682;1746
Silkstone Common;Built-up Area;South Yorkshire;1171;1389;1278;1274
Silsden;Built-up Area;West Yorkshire;7681;7912;8390;8917
Skelmanthorpe;Built-up Area;West Yorkshire;3964;4259;4459;4725
Skelton;Built-up Area;York;1314;1227;1376;1545
Skidby;Built-up Area;East Riding of Yorkshire;1212;1132;1044;1042
Skipsea;Built-up Area;East Riding of Yorkshire;633;693;678;720
Skipton;Built-up Area;North Yorkshire;13962;14284;15042;15541
Skirlaugh;Built-up Area;East Riding of Yorkshire;1543;1473;1670;1728
Sleights;Built-up Area;North Yorkshire;1995;1972;1929;1923
Slingsby;Built-up Area;North Yorkshire;700;665;636;642
Snainton;Built-up Area;North Yorkshire;764;754;755;774
Snaith;Built-up Area;East Riding of Yorkshire;2744;3305;3554;3653
South Anston;Built-up Area;South Yorkshire;2585;2505;2527;2586
South Cave;Built-up Area;East Riding of Yorkshire;4522;4160;4818;5260
South Elmsall;Built-up Area;West Yorkshire;10211;10366;11188;11557
South Ferriby;Built-up Area;North Lincolnshire;660;651;637;650
South Hiendley;Built-up Area;West Yorkshire;1667;1817;1751;1814
South Killingholme;Built-up Area;North Lincolnshire;1047;1108;1234;1227
South Kirkby;Built-up Area;West Yorkshire;8215;8533;8874;9280
South Milford;Built-up Area;North Yorkshire;1489;1995;2411;2425
Sowerby;Built-up Area;North Yorkshire;3485;3846;4722;5254
Sowerby Bridge;Built-up Area;West Yorkshire;4420;4601;4485;4515
Spofforth;Built-up Area;North Yorkshire;1121;1169;1178;1177
Sproatley;Built-up Area;East Riding of Yorkshire;1353;1350;1210;1134
Sprotbrough;Built-up Area;South Yorkshire;7586;7742;7548;7476
Stainforth;Built-up Area;South Yorkshire;5976;6022;6007;6231
Staithes;Built-up Area;North Yorkshire;907;826;776;758
Stallingborough;Built-up Area;North East Lincolnshire;1029;1073;1190;1200
Stamford Bridge;Built-up Area;East Riding of Yorkshire;3536;3720;4483;4438
Staxton;Built-up Area;North Yorkshire;708;737;751;744
Steeton;Built-up Area;West Yorkshire;4105;4167;5022;5088
Stillington;Built-up Area;North Yorkshire;741;782;824;828
Stocksbridge;Built-up Area;South Yorkshire;7476;7296;7263;7272
Stockton-on-the-Forest;Built-up Area;York;901;875;1018;1007
Stokesley;Built-up Area;North Yorkshire;4725;4757;4910;4941
Streethouse;Built-up Area;West Yorkshire;1315;1609;1691;1696
Strensall;Built-up Area;York;5782;6047;6055;6057
Summerbridge;Built-up Area;North Yorkshire;540;532;514;519
Sutton-in-Craven;Built-up Area;North Yorkshire;2377;2579;2719;2644
Sutton-on-the-Forest;Built-up Area;North Yorkshire;559;539;612;632
Sutton upon Derwent;Built-up Area;East Riding of Yorkshire;575;594;602;591
Swainby;Built-up Area;North Yorkshire;555;597;563;588
Swallownest (/ Aston);Built-up Area;South Yorkshire;13660;14824;14904;15096
Swanland;Built-up Area;East Riding of Yorkshire;3688;3802;3961;4412
Swillington;Built-up Area;West Yorkshire;3303;3209;3075;3138
Swinefleet;Built-up Area;East Riding of Yorkshire;720;787;825;829
Swinton;Built-up Area;North Yorkshire;467;608;577;590
Swinton;Built-up Area;South Yorkshire;15374;15250;15919;16315
Tadcaster;Built-up Area;North Yorkshire;6548;6480;6335;6350
Thirsk;Built-up Area;North Yorkshire;4913;5401;5889;6326
Thorne;Built-up Area;South Yorkshire;11228;11679;12306;12537
Thorner;Built-up Area;West Yorkshire;1284;1408;1398;1405
Thorngumbald;Built-up Area;East Riding of Yorkshire;2791;2973;2816;2753
Thornton;Built-up Area;West Yorkshire;4923;5403;5409;5445
Thornton-le-Dale;Built-up Area;North Yorkshire;1845;1759;1856;1818
Thorp Arch;Built-up Area;West Yorkshire;1340;1816;1783;1941
Thorpe Audlin;Built-up Area;West Yorkshire;659;660;690;724
Thorpefield;Built-up Area;North Yorkshire;632;773;541;559
Thorpe Hesley;Built-up Area;South Yorkshire;4609;4427;4150;4448
Thorpe on the Hill;Built-up Area;West Yorkshire;602;934;1232;1158
Thorpe Underwood;Built-up Area;North Yorkshire;264;793;932;656
Thorpe Willoughby;Built-up Area;North Yorkshire;2822;2725;3485;3787
Threshfield;Built-up Area;North Yorkshire;690;666;631;621
Thrybergh (/ Dalton);Built-up Area;South Yorkshire;6195;5791;5857;6559
Thurcroft;Built-up Area;South Yorkshire;4702;5115;6101;6407
Thurgoland;Built-up Area;South Yorkshire;1091;1216;1241;1304
Thurlstone;Built-up Area;South Yorkshire;1023;1008;1004;1037
Thurnscoe;Built-up Area;South Yorkshire;8804;8356;9133;9714
Tickhill;Built-up Area;South Yorkshire;5112;4992;4913;4988
Tickton;Built-up Area;East Riding of Yorkshire;1365;1420;1387;1355
Tockwith;Built-up Area;North Yorkshire;1492;1457;1787;2003
Todmorden;Built-up Area;West Yorkshire;12536;12723;12968;13086
Todwick;Built-up Area;South Yorkshire;1316;1302;1355;1345
Toll Bar;Built-up Area;South Yorkshire;971;1226;1212;1204
Tollerton;Built-up Area;North Yorkshire;824;1026;993;1010
Treeton;Built-up Area;South Yorkshire;2514;3189;3274;3726
Ulceby;Built-up Area;North Lincolnshire;1348;1584;1667;1723
Ulleskelf;Built-up Area;North Yorkshire;541;650;755;792
Upper Cumberworth;Built-up Area;West Yorkshire;631;673;663;622
Upper Denby;Built-up Area;West Yorkshire;704;715;668;694
Upper Poppleton;Built-up Area;York;3428;3451;3521;3826
Upper Tankersley;Built-up Area;South Yorkshire;739;850;914;1016
Upperthong;Built-up Area;West Yorkshire;1113;1087;1094;1130
Upton;Built-up Area;West Yorkshire;6070;5874;6333;6500
Wadworth;Built-up Area;South Yorkshire;1229;1137;1156;1085
Wakefield;Built-up Area;West Yorkshire;85131;88180;97852;104088
Walkington;Built-up Area;East Riding of Yorkshire;1850;1769;1831;1915
Waltham;Built-up Area;North East Lincolnshire;6420;6413;6199;6229
Walton;Built-up Area;West Yorkshire;3377;3231;3258;3251
Warmsworth;Built-up Area;South Yorkshire;11398;10959;11323;11688
Wath-upon-Dearne;Built-up Area;South Yorkshire;13354;14239;16964;17610
Waverley (/ Catcliffe);Built-up Area;South Yorkshire;2095;2442;5342;6764
Wawne;Built-up Area;East Riding of Yorkshire;878;975;1022;1074
West Butterwick;Built-up Area;North Lincolnshire;776;795;786;777
Westwoodside;Built-up Area;North Lincolnshire;1862;2050;2032;2004
Wetherby;Built-up Area;West Yorkshire;11154;10772;11712;11594
Wetwang;Built-up Area;East Riding of Yorkshire;672;761;746;720
Wharncliffe Side;Built-up Area;South Yorkshire;1375;1355;1385;1537
Wheldrake;Built-up Area;York;1780;1984;1949;1928
Whiston;Built-up Area;South Yorkshire;4131;4035;3939;3969
Whitby;Built-up Area;North Yorkshire;13014;12603;12595;12671
Whitley;Built-up Area;North Yorkshire;434;755;813;793
Wickersley (/ Bramley);Built-up Area;South Yorkshire;22253;24826;24659;24956
Wigginton;Built-up Area;York;1581;1508;1423;1377
Wilberfoss;Built-up Area;East Riding of Yorkshire;1855;1866;2018;1969
Willerby (/ Anlaby);Built-up Area;East Riding of Yorkshire;18665;18724;19261;20303
Wilsden;Built-up Area;West Yorkshire;3529;3817;3750;3702
Winteringham;Built-up Area;North Lincolnshire;989;1000;1012;959
Winterton;Built-up Area;North Lincolnshire;4729;4899;4765;5024
Wistow;Built-up Area;North Yorkshire;867;998;966;947
Withernsea;Built-up Area;East Riding of Yorkshire;5701;5880;5766;5765
Wombwell;Built-up Area;South Yorkshire;13116;14940;16755;17793
Woodmansey;Built-up Area;East Riding of Yorkshire;1140;1233;1385;1404
Woodsetts;Built-up Area;South Yorkshire;1802;1746;1691;1664
Wootton;Built-up Area;North Lincolnshire;492;475;515;518
Worrall;Built-up Area;South Yorkshire;1055;1245;1320;1355
Worsbrough;Built-up Area;South Yorkshire;8826;8762;8832;9016
Wrawby;Built-up Area;North Lincolnshire;933;1133;1194;1184
Yeadon;Built-up Area;West Yorkshire;14400;13976;14273;14407
York;Built-up Area;York;120866;137800;141671;148331
